date,station_complex_id,station_complex,latitude,longitude,morning_ridership,hotspot
2020-03-28,10,"49 St (N,R,W)",40.7599,-73.98414,50.0,0
2020-03-28,103,"Bowery (J,Z)",40.72028,-73.99391,11.0,0
2020-03-28,118,3 Av (L),40.73285,-73.98612,10.0,0
2020-03-28,119,1 Av (L),40.730953,-73.98163,46.0,0
2020-03-28,13,"28 St (R,W)",40.745495,-73.98869,18.0,0
2020-03-28,14,"23 St (R,W)",40.741302,-73.98934,37.0,0
2020-03-28,143,Inwood-207 St (A),40.868073,-73.9199,148.0,0
2020-03-28,144,Dyckman St (A),40.86549,-73.92727,61.0,0
2020-03-28,145,190 St (A),40.85902,-73.93418,42.0,0
2020-03-28,146,181 St (A),40.851696,-73.937965,68.0,0
2020-03-28,147,175 St (A),40.84739,-73.939705,107.0,0
2020-03-28,149,163 St-Amsterdam Av (C),40.836014,-73.939896,48.0,0
2020-03-28,150,155 St (C),40.830517,-73.94151,36.0,0
2020-03-28,151,"145 St (A,C,B,D)",40.824783,-73.944214,328.0,1
2020-03-28,152,"135 St (C,B)",40.817894,-73.94765,63.0,0
2020-03-28,153,"125 St (A,C,B,D)",40.811108,-73.95235,296.0,1
2020-03-28,154,"116 St (C,B)",40.805084,-73.95488,72.0,0
2020-03-28,155,"Cathedral Pkwy (110 St) (C,B)",40.800602,-73.95816,47.0,0
2020-03-28,156,"103 St (C,B)",40.796093,-73.96146,41.0,0
2020-03-28,157,"96 St (C,B)",40.79164,-73.9647,82.0,0
2020-03-28,158,"86 St (C,B)",40.78587,-73.96892,65.0,0
2020-03-28,159,"81 St-Museum of Natural History (C,B)",40.781433,-73.972145,17.0,0
2020-03-28,16,"8 St-NYU (R,W)",40.730328,-73.99263,35.0,0
2020-03-28,160,"72 St (C,B)",40.775593,-73.97641,17.0,0
2020-03-28,162,"50 St (C,E)",40.762455,-73.985985,40.0,0
2020-03-28,164,"34 St-Penn Station (A,C,E)",40.75229,-73.99339,372.0,1
2020-03-28,165,"23 St (C,E)",40.745907,-73.99804,51.0,0
2020-03-28,167,"W 4 St-Wash Sq (A,C,E,B,D,F,M)",40.732338,-74.000496,92.0,0
2020-03-28,168,"Spring St (C,E)",40.726227,-74.00374,25.0,0
2020-03-28,169,"Canal St (A,C,E)",40.720825,-74.005226,31.0,0
2020-03-28,17,"Prince St (R,W)",40.72433,-73.9977,11.0,0
2020-03-28,20,"City Hall (R,W)",40.713284,-74.00698,8.0,0
2020-03-28,22,"Rector St (R,W)",40.70722,-74.01334,17.0,0
2020-03-28,220,"155 St (B,D)",40.830135,-73.93821,69.0,0
2020-03-28,222,Roosevelt Island (F),40.759144,-73.95326,57.0,0
2020-03-28,223,"Lexington Av/63 St (F,Q)",40.76463,-73.96611,93.0,0
2020-03-28,224,57 St (F),40.763973,-73.97745,44.0,0
2020-03-28,225,"47-50 Sts-Rockefeller Ctr (B,D,F,M)",40.758663,-73.98133,96.0,0
2020-03-28,228,"23 St (F,M)",40.742878,-73.99282,75.0,0
2020-03-28,231,"Grand St (B,D)",40.718266,-73.99375,85.0,0
2020-03-28,232,2 Av (F),40.7234,-73.98994,89.0,0
2020-03-28,234,East Broadway (F),40.713715,-73.99017,66.0,0
2020-03-28,277,"7 Av (E,B,D)",40.762863,-73.981636,20.0,0
2020-03-28,296,Marble Hill-225 St (1),40.87456,-73.90983,49.0,0
2020-03-28,297,215 St (1),40.869446,-73.915276,17.0,0
2020-03-28,298,207 St (1),40.86462,-73.91882,133.0,0
2020-03-28,299,Dyckman St (1),40.86053,-73.92554,161.0,0
2020-03-28,300,191 St (1),40.855225,-73.92941,25.0,0
2020-03-28,301,181 St (1),40.849506,-73.93359,232.0,0
2020-03-28,303,157 St (1),40.83404,-73.94489,207.0,0
2020-03-28,304,145 St (1),40.82655,-73.95036,133.0,0
2020-03-28,305,137 St-City College (1),40.822006,-73.953674,200.0,0
2020-03-28,306,125 St (1),40.815582,-73.958374,56.0,0
2020-03-28,307,116 St-Columbia University (1),40.80772,-73.96411,57.0,0
2020-03-28,308,Cathedral Pkwy (110 St) (1),40.803967,-73.96685,110.0,0
2020-03-28,309,103 St (1),40.799446,-73.968376,152.0,0
2020-03-28,310,"96 St (1,2,3)",40.79392,-73.97232,5.0,0
2020-03-28,311,86 St (1),40.788643,-73.97622,1.0,0
2020-03-28,312,79 St (1),40.783936,-73.97992,141.0,0
2020-03-28,313,"72 St (1,2,3)",40.778454,-73.98197,310.0,1
2020-03-28,314,66 St-Lincoln Center (1),40.77344,-73.98221,90.0,0
2020-03-28,316,50 St (1),40.761726,-73.98385,56.0,0
2020-03-28,318,"34 St-Penn Station (1,2,3)",40.750374,-73.99106,309.0,1
2020-03-28,319,28 St (1),40.747215,-73.99336,31.0,0
2020-03-28,320,23 St (1),40.74408,-73.99566,50.0,0
2020-03-28,321,18 St (1),40.74104,-73.99787,18.0,0
2020-03-28,323,Christopher St-Sheridan Sq (1),40.73342,-74.00291,19.0,0
2020-03-28,324,Houston St (1),40.728252,-74.00536,33.0,0
2020-03-28,325,Canal St (1),40.722855,-74.00628,12.0,0
2020-03-28,326,Franklin St (1),40.71932,-74.00689,11.0,0
2020-03-28,327,"Chambers St (1,2,3)",40.715477,-74.00927,42.0,0
2020-03-28,328,WTC Cortlandt (1),40.711834,-74.01219,28.0,0
2020-03-28,329,Rector St (1),40.70751,-74.01379,7.0,0
2020-03-28,333,"Wall St (2,3)",40.70682,-74.0091,22.0,0
2020-03-28,392,"125 St (4,5,6)",40.80414,-73.93759,652.0,1
2020-03-28,393,116 St (6),40.79863,-73.94162,223.0,0
2020-03-28,394,110 St (6),40.79502,-73.94425,161.0,0
2020-03-28,395,103 St (6),40.7906,-73.94748,222.0,0
2020-03-28,396,96 St (6),40.78567,-73.95107,152.0,0
2020-03-28,397,"86 St (4,5,6)",40.77949,-73.95559,171.0,0
2020-03-28,398,77 St (6),40.77362,-73.95988,117.0,0
2020-03-28,399,68 St-Hunter College (6),40.768143,-73.96387,117.0,0
2020-03-28,403,33 St (6),40.746082,-73.98208,119.0,0
2020-03-28,404,28 St (6),40.74307,-73.98426,98.0,0
2020-03-28,405,23 St (6),40.739864,-73.9866,59.0,0
2020-03-28,407,Astor Pl (6),40.730053,-73.99107,14.0,0
2020-03-28,409,Spring St (6),40.7223,-73.99714,21.0,0
2020-03-28,413,"Wall St (4,5)",40.707558,-74.01186,66.0,0
2020-03-28,414,"Bowling Green (4,5)",40.70482,-74.01407,105.0,0
2020-03-28,439,"125 St (2,3)",40.807755,-73.945496,3.0,0
2020-03-28,471,34 St-Hudson Yards (7),40.755882,-74.00191,62.0,0
2020-03-28,475,96 St (Q),40.784317,-73.94715,127.0,0
2020-03-28,476,86 St (Q),40.77789,-73.95179,137.0,0
2020-03-28,477,72 St (Q),40.7688,-73.95843,178.0,0
2020-03-28,601,"14 St (F,M,1,2,3)/6 Av (L)",40.737335,-73.99679,1.0,0
2020-03-28,601,"14 St (F,M,1,2,3)/6 Av (L)",40.737827,-74.0002,7.0,0
2020-03-28,601,"14 St (F,M,1,2,3)/6 Av (L)",40.737827,-73.99679,3.0,0
2020-03-28,601,"14 St (F,M,1,2,3)/6 Av (L)",40.738228,-73.99621,173.0,0
2020-03-28,602,"14 St-Union Sq (L,N,Q,R,W,4,5,6)",40.735737,-73.98995,345.0,1
2020-03-28,605,"168 St (A,C,1)",40.840717,-73.93956,302.0,1
2020-03-28,607,"34 St-Herald Sq (B,D,F,M,N,Q,R,W)",40.749718,-73.98782,443.0,1
2020-03-28,609,"Bryant Pk (B,D,F,M)/5 Av (7)",40.753822,-73.981964,1.0,0
2020-03-28,609,"Bryant Pk (B,D,F,M)/5 Av (7)",40.754223,-73.984566,22.0,0
2020-03-28,609,"Bryant Pk (B,D,F,M)/5 Av (7)",40.754223,-73.981964,102.0,0
2020-03-28,610,"Grand Central-42 St (S,4,5,6,7)",40.751778,-73.976845,384.0,1
2020-03-28,611,"Times Sq-42 St (N,Q,R,W,S,1,2,3,7)/42 St (A,C,E)",40.75731,-73.987495,111.0,0
2020-03-28,611,"Times Sq-42 St (N,Q,R,W,S,1,2,3,7)/42 St (A,C,E)",40.75731,-73.986755,892.0,1
2020-03-28,612,"Lexington Av-53 St (E,M)/51 St (6)",40.757107,-73.97192,2.0,0
2020-03-28,612,"Lexington Av-53 St (E,M)/51 St (6)",40.757553,-73.969055,117.0,0
2020-03-28,613,"Lexington Av (N,R,W)/59 St (4,5,6)",40.762527,-73.967964,5.0,0
2020-03-28,613,"Lexington Av (N,R,W)/59 St (4,5,6)",40.76266,-73.967255,256.0,0
2020-03-28,614,"59 St-Columbus Circle (A,B,C,D,1)",40.768295,-73.981735,291.0,1
2020-03-28,618,"14 St (A,C,E)/8 Av (L)",40.739777,-74.00258,1.0,0
2020-03-28,618,"14 St (A,C,E)/8 Av (L)",40.740894,-74.00169,129.0,0
2020-03-28,619,"Broadway-Lafayette St (B,D,F,M)/Bleecker St (6)",40.725296,-73.9962,1.0,0
2020-03-28,619,"Broadway-Lafayette St (B,D,F,M)/Bleecker St (6)",40.725914,-73.99466,103.0,0
2020-03-28,622,"Brooklyn Bridge-City Hall (4,5,6)/Chambers St (J,Z)",40.71324,-74.0034,84.0,0
2020-03-28,623,"Canal St (J,N,Q,R,W,Z,6)",40.718094,-73.99989,2.0,0
2020-03-28,623,"Canal St (J,N,Q,R,W,Z,6)",40.71953,-74.00178,7.0,0
2020-03-28,623,"Canal St (J,N,Q,R,W,Z,6)",40.71953,-73.99989,109.0,0
2020-03-28,624,"Chambers St (A,C)/WTC (E)/Park Pl (2,3)/Cortlandt (R,W)",40.71411,-74.00858,170.0,0
2020-03-28,625,"Delancey St (F)/Essex St (J,M,Z)",40.718315,-73.987434,6.0,0
2020-03-28,625,"Delancey St (F)/Essex St (J,M,Z)",40.718613,-73.98811,6.0,0
2020-03-28,625,"Delancey St (F)/Essex St (J,M,Z)",40.718613,-73.987434,217.0,0
2020-03-28,628,"Fulton St (A,C,J,Z,2,3,4,5)",40.709415,-74.00657,1.0,0
2020-03-28,628,"Fulton St (A,C,J,Z,2,3,4,5)",40.710197,-74.00769,8.0,0
2020-03-28,628,"Fulton St (A,C,J,Z,2,3,4,5)",40.710197,-74.00657,18.0,0
2020-03-28,628,"Fulton St (A,C,J,Z,2,3,4,5)",40.71037,-74.00769,5.0,0
2020-03-28,628,"Fulton St (A,C,J,Z,2,3,4,5)",40.71037,-74.00657,114.0,0
2020-03-28,628,"Fulton St (A,C,J,Z,2,3,4,5)",40.710373,-74.00657,294.0,1
2020-03-28,635,"South Ferry (1)/Whitehall St (R,W)",40.70207,-74.013664,4.0,0
2020-03-28,635,"South Ferry (1)/Whitehall St (R,W)",40.703087,-74.01299,255.0,0
2020-03-28,8,"5 Av/59 St (N,R,W)",40.764812,-73.97335,35.0,0
2020-03-28,9,"57 St-7 Av (N,Q,R,W)",40.764664,-73.98066,112.0,0
2020-03-28,TRAM1,RI Tramway (Manhattan),40.761337,-73.96416,49.0,0
2020-03-28,TRAM2,RI Tramway (Roosevelt),40.75734,-73.95412,79.0,0
2020-05-02,10,"49 St (N,R,W)",40.7599,-73.98414,74.0,0
2020-05-02,103,"Bowery (J,Z)",40.72028,-73.99391,24.0,0
2020-05-02,107,"Broad St (J,Z)",40.706474,-74.011055,30.0,0
2020-05-02,118,3 Av (L),40.73285,-73.98612,39.0,0
2020-05-02,119,1 Av (L),40.730953,-73.98163,109.0,0
2020-05-02,13,"28 St (R,W)",40.745495,-73.98869,36.0,0
2020-05-02,14,"23 St (R,W)",40.741302,-73.98934,70.0,0
2020-05-02,143,Inwood-207 St (A),40.868073,-73.9199,214.0,0
2020-05-02,144,Dyckman St (A),40.86549,-73.92727,129.0,0
2020-05-02,145,190 St (A),40.85902,-73.93418,74.0,0
2020-05-02,146,181 St (A),40.851696,-73.937965,133.0,0
2020-05-02,147,175 St (A),40.84739,-73.939705,213.0,0
2020-05-02,149,163 St-Amsterdam Av (C),40.836014,-73.939896,121.0,0
2020-05-02,150,155 St (C),40.830517,-73.94151,56.0,0
2020-05-02,151,"145 St (A,C,B,D)",40.824783,-73.944214,477.0,1
2020-05-02,152,"135 St (C,B)",40.817894,-73.94765,70.0,0
2020-05-02,153,"125 St (A,C,B,D)",40.811108,-73.95235,514.0,1
2020-05-02,154,"116 St (C,B)",40.805084,-73.95488,76.0,0
2020-05-02,155,"Cathedral Pkwy (110 St) (C,B)",40.800602,-73.95816,89.0,0
2020-05-02,156,"103 St (C,B)",40.796093,-73.96146,50.0,0
2020-05-02,157,"96 St (C,B)",40.79164,-73.9647,62.0,0
2020-05-02,158,"86 St (C,B)",40.78587,-73.96892,44.0,0
2020-05-02,159,"81 St-Museum of Natural History (C,B)",40.781433,-73.972145,30.0,0
2020-05-02,16,"8 St-NYU (R,W)",40.730328,-73.99263,48.0,0
2020-05-02,160,"72 St (C,B)",40.775593,-73.97641,27.0,0
2020-05-02,162,"50 St (C,E)",40.762455,-73.985985,95.0,0
2020-05-02,164,"34 St-Penn Station (A,C,E)",40.75229,-73.99339,404.0,1
2020-05-02,165,"23 St (C,E)",40.745907,-73.99804,95.0,0
2020-05-02,167,"W 4 St-Wash Sq (A,C,E,B,D,F,M)",40.732338,-74.000496,140.0,0
2020-05-02,168,"Spring St (C,E)",40.726227,-74.00374,29.0,0
2020-05-02,169,"Canal St (A,C,E)",40.720825,-74.005226,67.0,0
2020-05-02,17,"Prince St (R,W)",40.72433,-73.9977,24.0,0
2020-05-02,20,"City Hall (R,W)",40.713284,-74.00698,13.0,0
2020-05-02,22,"Rector St (R,W)",40.70722,-74.01334,21.0,0
2020-05-02,220,"155 St (B,D)",40.830135,-73.93821,122.0,0
2020-05-02,222,Roosevelt Island (F),40.759144,-73.95326,83.0,0
2020-05-02,223,"Lexington Av/63 St (F,Q)",40.76463,-73.96611,181.0,0
2020-05-02,224,57 St (F),40.763973,-73.97745,54.0,0
2020-05-02,225,"47-50 Sts-Rockefeller Ctr (B,D,F,M)",40.758663,-73.98133,141.0,0
2020-05-02,228,"23 St (F,M)",40.742878,-73.99282,139.0,0
2020-05-02,231,"Grand St (B,D)",40.718266,-73.99375,156.0,0
2020-05-02,232,2 Av (F),40.7234,-73.98994,115.0,0
2020-05-02,234,East Broadway (F),40.713715,-73.99017,157.0,0
2020-05-02,277,"7 Av (E,B,D)",40.762863,-73.981636,44.0,0
2020-05-02,296,Marble Hill-225 St (1),40.87456,-73.90983,166.0,0
2020-05-02,297,215 St (1),40.869446,-73.915276,41.0,0
2020-05-02,298,207 St (1),40.86462,-73.91882,235.0,0
2020-05-02,299,Dyckman St (1),40.86053,-73.92554,229.0,0
2020-05-02,300,191 St (1),40.855225,-73.92941,34.0,0
2020-05-02,301,181 St (1),40.849506,-73.93359,335.0,1
2020-05-02,303,157 St (1),40.83404,-73.94489,286.0,1
2020-05-02,304,145 St (1),40.82655,-73.95036,281.0,0
2020-05-02,305,137 St-City College (1),40.822006,-73.953674,76.0,0
2020-05-02,306,125 St (1),40.815582,-73.958374,83.0,0
2020-05-02,307,116 St-Columbia University (1),40.80772,-73.96411,50.0,0
2020-05-02,308,Cathedral Pkwy (110 St) (1),40.803967,-73.96685,52.0,0
2020-05-02,309,103 St (1),40.799446,-73.968376,73.0,0
2020-05-02,310,"96 St (1,2,3)",40.79392,-73.97232,575.0,1
2020-05-02,311,86 St (1),40.788643,-73.97622,125.0,0
2020-05-02,312,79 St (1),40.783936,-73.97992,74.0,0
2020-05-02,313,"72 St (1,2,3)",40.778454,-73.98197,302.0,1
2020-05-02,314,66 St-Lincoln Center (1),40.77344,-73.98221,68.0,0
2020-05-02,316,50 St (1),40.761726,-73.98385,75.0,0
2020-05-02,318,"34 St-Penn Station (1,2,3)",40.750374,-73.99106,513.0,1
2020-05-02,319,28 St (1),40.747215,-73.99336,54.0,0
2020-05-02,320,23 St (1),40.74408,-73.99566,75.0,0
2020-05-02,321,18 St (1),40.74104,-73.99787,18.0,0
2020-05-02,323,Christopher St-Sheridan Sq (1),40.73342,-74.00291,24.0,0
2020-05-02,324,Houston St (1),40.728252,-74.00536,77.0,0
2020-05-02,325,Canal St (1),40.722855,-74.00628,21.0,0
2020-05-02,326,Franklin St (1),40.71932,-74.00689,12.0,0
2020-05-02,327,"Chambers St (1,2,3)",40.715477,-74.00927,68.0,0
2020-05-02,328,WTC Cortlandt (1),40.711834,-74.01219,55.0,0
2020-05-02,329,Rector St (1),40.70751,-74.01379,20.0,0
2020-05-02,333,"Wall St (2,3)",40.70682,-74.0091,53.0,0
2020-05-02,392,"125 St (4,5,6)",40.80414,-73.93759,686.0,1
2020-05-02,393,116 St (6),40.79863,-73.94162,303.0,1
2020-05-02,394,110 St (6),40.79502,-73.94425,213.0,0
2020-05-02,395,103 St (6),40.7906,-73.94748,257.0,0
2020-05-02,396,96 St (6),40.78567,-73.95107,212.0,0
2020-05-02,397,"86 St (4,5,6)",40.77949,-73.95559,309.0,1
2020-05-02,398,77 St (6),40.77362,-73.95988,206.0,0
2020-05-02,399,68 St-Hunter College (6),40.768143,-73.96387,170.0,0
2020-05-02,403,33 St (6),40.746082,-73.98208,202.0,0
2020-05-02,404,28 St (6),40.74307,-73.98426,172.0,0
2020-05-02,405,23 St (6),40.739864,-73.9866,130.0,0
2020-05-02,407,Astor Pl (6),40.730053,-73.99107,52.0,0
2020-05-02,409,Spring St (6),40.7223,-73.99714,28.0,0
2020-05-02,413,"Wall St (4,5)",40.707558,-74.01186,61.0,0
2020-05-02,414,"Bowling Green (4,5)",40.70482,-74.01407,206.0,0
2020-05-02,436,Harlem-148 St (3),40.82388,-73.93647,88.0,0
2020-05-02,437,145 St (3),40.82042,-73.93625,72.0,0
2020-05-02,438,"135 St (2,3)",40.814228,-73.94077,311.0,1
2020-05-02,439,"125 St (2,3)",40.807755,-73.945496,239.0,0
2020-05-02,440,"116 St (2,3)",40.802097,-73.94962,192.0,0
2020-05-02,441,"Central Park North (110 St) (2,3)",40.799076,-73.95182,178.0,0
2020-05-02,471,34 St-Hudson Yards (7),40.755882,-74.00191,81.0,0
2020-05-02,475,96 St (Q),40.784317,-73.94715,225.0,0
2020-05-02,476,86 St (Q),40.77789,-73.95179,153.0,0
2020-05-02,477,72 St (Q),40.7688,-73.95843,228.0,0
2020-05-02,601,"14 St (F,M,1,2,3)/6 Av (L)",40.737827,-74.0002,10.0,0
2020-05-02,601,"14 St (F,M,1,2,3)/6 Av (L)",40.738228,-73.99621,222.0,0
2020-05-02,602,"14 St-Union Sq (L,N,Q,R,W,4,5,6)",40.734673,-73.98995,4.0,0
2020-05-02,602,"14 St-Union Sq (L,N,Q,R,W,4,5,6)",40.735737,-73.98995,743.0,1
2020-05-02,605,"168 St (A,C,1)",40.840717,-73.93956,513.0,1
2020-05-02,607,"34 St-Herald Sq (B,D,F,M,N,Q,R,W)",40.749718,-73.98782,594.0,1
2020-05-02,609,"Bryant Pk (B,D,F,M)/5 Av (7)",40.754223,-73.984566,44.0,0
2020-05-02,609,"Bryant Pk (B,D,F,M)/5 Av (7)",40.754223,-73.981964,151.0,0
2020-05-02,610,"Grand Central-42 St (S,4,5,6,7)",40.751778,-73.976845,534.0,1
2020-05-02,611,"Times Sq-42 St (N,Q,R,W,S,1,2,3,7)/42 St (A,C,E)",40.75731,-73.987495,248.0,0
2020-05-02,611,"Times Sq-42 St (N,Q,R,W,S,1,2,3,7)/42 St (A,C,E)",40.75731,-73.986755,1093.0,1
2020-05-02,612,"Lexington Av-53 St (E,M)/51 St (6)",40.757107,-73.97192,15.0,0
2020-05-02,612,"Lexington Av-53 St (E,M)/51 St (6)",40.757553,-73.969055,155.0,0
2020-05-02,613,"Lexington Av (N,R,W)/59 St (4,5,6)",40.762527,-73.967964,24.0,0
2020-05-02,613,"Lexington Av (N,R,W)/59 St (4,5,6)",40.76266,-73.967255,422.0,1
2020-05-02,614,"59 St-Columbus Circle (A,B,C,D,1)",40.768295,-73.981735,498.0,1
2020-05-02,618,"14 St (A,C,E)/8 Av (L)",40.739777,-74.00258,2.0,0
2020-05-02,618,"14 St (A,C,E)/8 Av (L)",40.740894,-74.00169,195.0,0
2020-05-02,619,"Broadway-Lafayette St (B,D,F,M)/Bleecker St (6)",40.725296,-73.9962,7.0,0
2020-05-02,619,"Broadway-Lafayette St (B,D,F,M)/Bleecker St (6)",40.725914,-73.99466,131.0,0
2020-05-02,622,"Brooklyn Bridge-City Hall (4,5,6)/Chambers St (J,Z)",40.713066,-74.00413,5.0,0
2020-05-02,622,"Brooklyn Bridge-City Hall (4,5,6)/Chambers St (J,Z)",40.71324,-74.0034,186.0,0
2020-05-02,623,"Canal St (J,N,Q,R,W,Z,6)",40.71953,-74.00178,9.0,0
2020-05-02,623,"Canal St (J,N,Q,R,W,Z,6)",40.71953,-74.00019,8.0,0
2020-05-02,623,"Canal St (J,N,Q,R,W,Z,6)",40.71953,-73.99989,134.0,0
2020-05-02,624,"Chambers St (A,C)/WTC (E)/Park Pl (2,3)/Cortlandt (R,W)",40.710667,-74.01103,2.0,0
2020-05-02,624,"Chambers St (A,C)/WTC (E)/Park Pl (2,3)/Cortlandt (R,W)",40.71258,-74.00978,8.0,0
2020-05-02,624,"Chambers St (A,C)/WTC (E)/Park Pl (2,3)/Cortlandt (R,W)",40.71305,-74.00881,1.0,0
2020-05-02,624,"Chambers St (A,C)/WTC (E)/Park Pl (2,3)/Cortlandt (R,W)",40.71411,-74.00858,223.0,0
2020-05-02,625,"Delancey St (F)/Essex St (J,M,Z)",40.718315,-73.987434,6.0,0
2020-05-02,625,"Delancey St (F)/Essex St (J,M,Z)",40.718613,-73.98811,5.0,0
2020-05-02,625,"Delancey St (F)/Essex St (J,M,Z)",40.718613,-73.987434,271.0,0
2020-05-02,628,"Fulton St (A,C,J,Z,2,3,4,5)",40.710197,-74.00769,10.0,0
2020-05-02,628,"Fulton St (A,C,J,Z,2,3,4,5)",40.710197,-74.00657,28.0,0
2020-05-02,628,"Fulton St (A,C,J,Z,2,3,4,5)",40.71037,-74.00657,141.0,0
2020-05-02,628,"Fulton St (A,C,J,Z,2,3,4,5)",40.710373,-74.00758,7.0,0
2020-05-02,628,"Fulton St (A,C,J,Z,2,3,4,5)",40.710373,-74.00657,323.0,1
2020-05-02,635,"South Ferry (1)/Whitehall St (R,W)",40.70207,-74.013664,8.0,0
2020-05-02,635,"South Ferry (1)/Whitehall St (R,W)",40.703087,-74.01299,255.0,0
2020-05-02,8,"5 Av/59 St (N,R,W)",40.764812,-73.97335,35.0,0
2020-05-02,9,"57 St-7 Av (N,Q,R,W)",40.764664,-73.98066,186.0,0
2020-05-02,TRAM1,RI Tramway (Manhattan),40.761337,-73.96416,92.0,0
2020-05-02,TRAM2,RI Tramway (Roosevelt),40.75734,-73.95412,104.0,0
2020-06-21,404,28 St (6),40.74307,-73.98426,3.0,0
2020-06-28,118,3 Av (L),40.73285,-73.98612,1.0,0
2020-06-28,13,"28 St (R,W)",40.745495,-73.98869,2.0,0
2020-06-28,14,"23 St (R,W)",40.741302,-73.98934,3.0,0
2020-06-28,143,Inwood-207 St (A),40.868073,-73.9199,21.0,0
2020-06-28,145,190 St (A),40.85902,-73.93418,3.0,0
2020-06-28,146,181 St (A),40.851696,-73.937965,2.0,0
2020-06-28,147,175 St (A),40.84739,-73.939705,67.0,0
2020-06-28,149,163 St-Amsterdam Av (C),40.836014,-73.939896,11.0,0
2020-06-28,151,"145 St (A,C,B,D)",40.824783,-73.944214,142.0,0
2020-06-28,153,"125 St (A,C,B,D)",40.811108,-73.95235,16.0,0
2020-06-28,157,"96 St (C,B)",40.79164,-73.9647,2.0,0
2020-06-28,160,"72 St (C,B)",40.775593,-73.97641,1.0,0
2020-06-28,162,"50 St (C,E)",40.762455,-73.985985,3.0,0
2020-06-28,164,"34 St-Penn Station (A,C,E)",40.75229,-73.99339,4.0,0
2020-06-28,167,"W 4 St-Wash Sq (A,C,E,B,D,F,M)",40.732338,-74.000496,20.0,0
2020-06-28,169,"Canal St (A,C,E)",40.720825,-74.005226,1.0,0
2020-06-28,22,"Rector St (R,W)",40.70722,-74.01334,1.0,0
2020-06-28,222,Roosevelt Island (F),40.759144,-73.95326,2.0,0
2020-06-28,224,57 St (F),40.763973,-73.97745,7.0,0
2020-06-28,225,"47-50 Sts-Rockefeller Ctr (B,D,F,M)",40.758663,-73.98133,31.0,0
2020-06-28,228,"23 St (F,M)",40.742878,-73.99282,23.0,0
2020-06-28,231,"Grand St (B,D)",40.718266,-73.99375,50.0,0
2020-06-28,234,East Broadway (F),40.713715,-73.99017,5.0,0
2020-06-28,277,"7 Av (E,B,D)",40.762863,-73.981636,7.0,0
2020-06-28,299,Dyckman St (1),40.86053,-73.92554,7.0,0
2020-06-28,301,181 St (1),40.849506,-73.93359,10.0,0
2020-06-28,303,157 St (1),40.83404,-73.94489,32.0,0
2020-06-28,305,137 St-City College (1),40.822006,-73.953674,10.0,0
2020-06-28,306,125 St (1),40.815582,-73.958374,4.0,0
2020-06-28,309,103 St (1),40.799446,-73.968376,27.0,0
2020-06-28,310,"96 St (1,2,3)",40.79392,-73.97232,9.0,0
2020-06-28,311,86 St (1),40.788643,-73.97622,4.0,0
2020-06-28,313,"72 St (1,2,3)",40.778454,-73.98197,46.0,0
2020-06-28,314,66 St-Lincoln Center (1),40.77344,-73.98221,3.0,0
2020-06-28,318,"34 St-Penn Station (1,2,3)",40.750374,-73.99106,14.0,0
2020-06-28,319,28 St (1),40.747215,-73.99336,11.0,0
2020-06-28,320,23 St (1),40.74408,-73.99566,2.0,0
2020-06-28,321,18 St (1),40.74104,-73.99787,2.0,0
2020-06-28,323,Christopher St-Sheridan Sq (1),40.73342,-74.00291,2.0,0
2020-06-28,325,Canal St (1),40.722855,-74.00628,3.0,0
2020-06-28,327,"Chambers St (1,2,3)",40.715477,-74.00927,4.0,0
2020-06-28,328,WTC Cortlandt (1),40.711834,-74.01219,2.0,0
2020-06-28,392,"125 St (4,5,6)",40.80414,-73.93759,19.0,0
2020-06-28,396,96 St (6),40.78567,-73.95107,29.0,0
2020-06-28,399,68 St-Hunter College (6),40.768143,-73.96387,4.0,0
2020-06-28,403,33 St (6),40.746082,-73.98208,2.0,0
2020-06-28,405,23 St (6),40.739864,-73.9866,9.0,0
2020-06-28,413,"Wall St (4,5)",40.707558,-74.01186,15.0,0
2020-06-28,439,"125 St (2,3)",40.807755,-73.945496,17.0,0
2020-06-28,440,"116 St (2,3)",40.802097,-73.94962,2.0,0
2020-06-28,441,"Central Park North (110 St) (2,3)",40.799076,-73.95182,11.0,0
2020-06-28,475,96 St (Q),40.784317,-73.94715,73.0,0
2020-06-28,477,72 St (Q),40.7688,-73.95843,1.0,0
2020-06-28,601,"14 St (F,M,1,2,3)/6 Av (L)",40.738228,-73.99621,4.0,0
2020-06-28,602,"14 St-Union Sq (L,N,Q,R,W,4,5,6)",40.734673,-73.98995,6.0,0
2020-06-28,602,"14 St-Union Sq (L,N,Q,R,W,4,5,6)",40.735737,-73.98995,10.0,0
2020-06-28,607,"34 St-Herald Sq (B,D,F,M,N,Q,R,W)",40.749718,-73.98782,25.0,0
2020-06-28,609,"Bryant Pk (B,D,F,M)/5 Av (7)",40.754223,-73.984566,1.0,0
2020-06-28,609,"Bryant Pk (B,D,F,M)/5 Av (7)",40.754223,-73.981964,64.0,0
2020-06-28,610,"Grand Central-42 St (S,4,5,6,7)",40.751778,-73.976845,107.0,0
2020-06-28,612,"Lexington Av-53 St (E,M)/51 St (6)",40.757553,-73.969055,23.0,0
2020-06-28,614,"59 St-Columbus Circle (A,B,C,D,1)",40.768295,-73.981735,21.0,0
2020-06-28,618,"14 St (A,C,E)/8 Av (L)",40.740894,-74.00169,31.0,0
2020-06-28,622,"Brooklyn Bridge-City Hall (4,5,6)/Chambers St (J,Z)",40.71324,-74.0034,14.0,0
2020-06-28,624,"Chambers St (A,C)/WTC (E)/Park Pl (2,3)/Cortlandt (R,W)",40.71411,-74.00858,4.0,0
2020-06-28,625,"Delancey St (F)/Essex St (J,M,Z)",40.718613,-73.987434,19.0,0
2020-06-28,635,"South Ferry (1)/Whitehall St (R,W)",40.703087,-74.01299,30.0,0
2020-06-28,8,"5 Av/59 St (N,R,W)",40.764812,-73.97335,2.0,0
2020-06-28,9,"57 St-7 Av (N,Q,R,W)",40.764664,-73.98066,10.0,0
2020-07-19,10,"49 St (N,R,W)",40.7599,-73.98414,122.0,0
2020-07-19,107,"Broad St (J,Z)",40.706474,-74.011055,1.0,0
2020-07-19,118,3 Av (L),40.73285,-73.98612,76.0,0
2020-07-19,119,1 Av (L),40.730953,-73.98163,299.0,1
2020-07-19,13,"28 St (R,W)",40.745495,-73.98869,76.0,0
2020-07-19,14,"23 St (R,W)",40.741302,-73.98934,101.0,0
2020-07-19,143,Inwood-207 St (A),40.868073,-73.9199,546.0,1
2020-07-19,144,Dyckman St (A),40.86549,-73.92727,223.0,0
2020-07-19,145,190 St (A),40.85902,-73.93418,149.0,0
2020-07-19,146,181 St (A),40.851696,-73.937965,283.0,1
2020-07-19,147,175 St (A),40.84739,-73.939705,398.0,1
2020-07-19,149,163 St-Amsterdam Av (C),40.836014,-73.939896,107.0,0
2020-07-19,150,155 St (C),40.830517,-73.94151,46.0,0
2020-07-19,151,"145 St (A,C,B,D)",40.824783,-73.944214,910.0,1
2020-07-19,152,"135 St (C,B)",40.817894,-73.94765,49.0,0
2020-07-19,153,"125 St (A,C,B,D)",40.811108,-73.95235,760.0,1
2020-07-19,154,"116 St (C,B)",40.805084,-73.95488,152.0,0
2020-07-19,155,"Cathedral Pkwy (110 St) (C,B)",40.800602,-73.95816,175.0,0
2020-07-19,156,"103 St (C,B)",40.796093,-73.96146,93.0,0
2020-07-19,157,"96 St (C,B)",40.79164,-73.9647,126.0,0
2020-07-19,158,"86 St (C,B)",40.78587,-73.96892,114.0,0
2020-07-19,159,"81 St-Museum of Natural History (C,B)",40.781433,-73.972145,78.0,0
2020-07-19,16,"8 St-NYU (R,W)",40.730328,-73.99263,100.0,0
2020-07-19,160,"72 St (C,B)",40.775593,-73.97641,72.0,0
2020-07-19,162,"50 St (C,E)",40.762455,-73.985985,175.0,0
2020-07-19,164,"34 St-Penn Station (A,C,E)",40.75229,-73.99339,772.0,1
2020-07-19,165,"23 St (C,E)",40.745907,-73.99804,189.0,0
2020-07-19,167,"W 4 St-Wash Sq (A,C,E,B,D,F,M)",40.732338,-74.000496,295.0,1
2020-07-19,168,"Spring St (C,E)",40.726227,-74.00374,42.0,0
2020-07-19,169,"Canal St (A,C,E)",40.720825,-74.005226,109.0,0
2020-07-19,17,"Prince St (R,W)",40.72433,-73.9977,56.0,0
2020-07-19,20,"City Hall (R,W)",40.713284,-74.00698,20.0,0
2020-07-19,22,"Rector St (R,W)",40.70722,-74.01334,39.0,0
2020-07-19,220,"155 St (B,D)",40.830135,-73.93821,140.0,0
2020-07-19,222,Roosevelt Island (F),40.759144,-73.95326,173.0,0
2020-07-19,223,"Lexington Av/63 St (F,Q)",40.76463,-73.96611,251.0,0
2020-07-19,224,57 St (F),40.763973,-73.97745,83.0,0
2020-07-19,225,"47-50 Sts-Rockefeller Ctr (B,D,F,M)",40.758663,-73.98133,169.0,0
2020-07-19,228,"23 St (F,M)",40.742878,-73.99282,155.0,0
2020-07-19,231,"Grand St (B,D)",40.718266,-73.99375,417.0,1
2020-07-19,232,2 Av (F),40.7234,-73.98994,211.0,0
2020-07-19,234,East Broadway (F),40.713715,-73.99017,321.0,1
2020-07-19,276,"5 Av/53 St (E,M)",40.760166,-73.97523,36.0,0
2020-07-19,277,"7 Av (E,B,D)",40.762863,-73.981636,99.0,0
2020-07-19,296,Marble Hill-225 St (1),40.87456,-73.90983,27.0,0
2020-07-19,297,215 St (1),40.869446,-73.915276,6.0,0
2020-07-19,298,207 St (1),40.86462,-73.91882,36.0,0
2020-07-19,299,Dyckman St (1),40.86053,-73.92554,416.0,1
2020-07-19,300,191 St (1),40.855225,-73.92941,65.0,0
2020-07-19,301,181 St (1),40.849506,-73.93359,535.0,1
2020-07-19,303,157 St (1),40.83404,-73.94489,470.0,1
2020-07-19,304,145 St (1),40.82655,-73.95036,353.0,1
2020-07-19,305,137 St-City College (1),40.822006,-73.953674,418.0,1
2020-07-19,306,125 St (1),40.815582,-73.958374,168.0,0
2020-07-19,307,116 St-Columbia University (1),40.80772,-73.96411,105.0,0
2020-07-19,308,Cathedral Pkwy (110 St) (1),40.803967,-73.96685,192.0,0
2020-07-19,309,103 St (1),40.799446,-73.968376,233.0,0
2020-07-19,310,"96 St (1,2,3)",40.79392,-73.97232,659.0,1
2020-07-19,311,86 St (1),40.788643,-73.97622,226.0,0
2020-07-19,312,79 St (1),40.783936,-73.97992,157.0,0
2020-07-19,313,"72 St (1,2,3)",40.778454,-73.98197,544.0,1
2020-07-19,314,66 St-Lincoln Center (1),40.77344,-73.98221,136.0,0
2020-07-19,316,50 St (1),40.761726,-73.98385,116.0,0
2020-07-19,318,"34 St-Penn Station (1,2,3)",40.750374,-73.99106,778.0,1
2020-07-19,319,28 St (1),40.747215,-73.99336,83.0,0
2020-07-19,320,23 St (1),40.74408,-73.99566,99.0,0
2020-07-19,321,18 St (1),40.74104,-73.99787,35.0,0
2020-07-19,323,Christopher St-Sheridan Sq (1),40.73342,-74.00291,81.0,0
2020-07-19,324,Houston St (1),40.728252,-74.00536,45.0,0
2020-07-19,325,Canal St (1),40.722855,-74.00628,23.0,0
2020-07-19,326,Franklin St (1),40.71932,-74.00689,20.0,0
2020-07-19,327,"Chambers St (1,2,3)",40.715477,-74.00927,107.0,0
2020-07-19,328,WTC Cortlandt (1),40.711834,-74.01219,72.0,0
2020-07-19,329,Rector St (1),40.70751,-74.01379,40.0,0
2020-07-19,333,"Wall St (2,3)",40.70682,-74.0091,162.0,0
2020-07-19,392,"125 St (4,5,6)",40.80414,-73.93759,607.0,1
2020-07-19,393,116 St (6),40.79863,-73.94162,456.0,1
2020-07-19,394,110 St (6),40.79502,-73.94425,339.0,1
2020-07-19,395,103 St (6),40.7906,-73.94748,394.0,1
2020-07-19,396,96 St (6),40.78567,-73.95107,341.0,1
2020-07-19,397,"86 St (4,5,6)",40.77949,-73.95559,476.0,1
2020-07-19,398,77 St (6),40.77362,-73.95988,324.0,1
2020-07-19,399,68 St-Hunter College (6),40.768143,-73.96387,205.0,0
2020-07-19,403,33 St (6),40.746082,-73.98208,238.0,0
2020-07-19,404,28 St (6),40.74307,-73.98426,238.0,0
2020-07-19,405,23 St (6),40.739864,-73.9866,194.0,0
2020-07-19,407,Astor Pl (6),40.730053,-73.99107,137.0,0
2020-07-19,409,Spring St (6),40.7223,-73.99714,72.0,0
2020-07-19,413,"Wall St (4,5)",40.707558,-74.01186,121.0,0
2020-07-19,414,"Bowling Green (4,5)",40.70482,-74.01407,285.0,1
2020-07-19,436,Harlem-148 St (3),40.82388,-73.93647,111.0,0
2020-07-19,437,145 St (3),40.82042,-73.93625,76.0,0
2020-07-19,438,"135 St (2,3)",40.814228,-73.94077,447.0,1
2020-07-19,439,"125 St (2,3)",40.807755,-73.945496,323.0,1
2020-07-19,440,"116 St (2,3)",40.802097,-73.94962,251.0,0
2020-07-19,441,"Central Park North (110 St) (2,3)",40.799076,-73.95182,252.0,0
2020-07-19,471,34 St-Hudson Yards (7),40.755882,-74.00191,148.0,0
2020-07-19,475,96 St (Q),40.784317,-73.94715,461.0,1
2020-07-19,476,86 St (Q),40.77789,-73.95179,354.0,1
2020-07-19,477,72 St (Q),40.7688,-73.95843,350.0,1
2020-07-19,601,"14 St (F,M,1,2,3)/6 Av (L)",40.737827,-74.0002,18.0,0
2020-07-19,601,"14 St (F,M,1,2,3)/6 Av (L)",40.737827,-73.99679,18.0,0
2020-07-19,601,"14 St (F,M,1,2,3)/6 Av (L)",40.738228,-73.99621,382.0,1
2020-07-19,602,"14 St-Union Sq (L,N,Q,R,W,4,5,6)",40.734673,-73.98995,5.0,0
2020-07-19,602,"14 St-Union Sq (L,N,Q,R,W,4,5,6)",40.735737,-73.98995,767.0,1
2020-07-19,605,"168 St (A,C,1)",40.840717,-73.93956,610.0,1
2020-07-19,607,"34 St-Herald Sq (B,D,F,M,N,Q,R,W)",40.749718,-73.98782,964.0,1
2020-07-19,609,"Bryant Pk (B,D,F,M)/5 Av (7)",40.754223,-73.984566,49.0,0
2020-07-19,609,"Bryant Pk (B,D,F,M)/5 Av (7)",40.754223,-73.981964,174.0,0
2020-07-19,610,"Grand Central-42 St (S,4,5,6,7)",40.751778,-73.976845,833.0,1
2020-07-19,611,"Times Sq-42 St (N,Q,R,W,S,1,2,3,7)/42 St (A,C,E)",40.75731,-73.98974,1.0,0
2020-07-19,611,"Times Sq-42 St (N,Q,R,W,S,1,2,3,7)/42 St (A,C,E)",40.75731,-73.987495,158.0,0
2020-07-19,611,"Times Sq-42 St (N,Q,R,W,S,1,2,3,7)/42 St (A,C,E)",40.75731,-73.986755,2059.0,1
2020-07-19,612,"Lexington Av-53 St (E,M)/51 St (6)",40.757107,-73.97192,2.0,0
2020-07-19,612,"Lexington Av-53 St (E,M)/51 St (6)",40.757553,-73.969055,325.0,1
2020-07-19,613,"Lexington Av (N,R,W)/59 St (4,5,6)",40.762527,-73.967964,12.0,0
2020-07-19,613,"Lexington Av (N,R,W)/59 St (4,5,6)",40.76266,-73.967255,440.0,1
2020-07-19,614,"59 St-Columbus Circle (A,B,C,D,1)",40.768295,-73.981735,782.0,1
2020-07-19,618,"14 St (A,C,E)/8 Av (L)",40.740894,-74.00169,405.0,1
2020-07-19,619,"Broadway-Lafayette St (B,D,F,M)/Bleecker St (6)",40.725296,-73.9962,3.0,0
2020-07-19,619,"Broadway-Lafayette St (B,D,F,M)/Bleecker St (6)",40.725914,-73.99466,245.0,0
2020-07-19,622,"Brooklyn Bridge-City Hall (4,5,6)/Chambers St (J,Z)",40.713066,-74.00413,6.0,0
2020-07-19,622,"Brooklyn Bridge-City Hall (4,5,6)/Chambers St (J,Z)",40.71324,-74.0034,182.0,0
2020-07-19,623,"Canal St (J,N,Q,R,W,Z,6)",40.718094,-73.99989,2.0,0
2020-07-19,623,"Canal St (J,N,Q,R,W,Z,6)",40.71953,-74.00178,2.0,0
2020-07-19,623,"Canal St (J,N,Q,R,W,Z,6)",40.71953,-74.00019,14.0,0
2020-07-19,623,"Canal St (J,N,Q,R,W,Z,6)",40.71953,-73.99989,274.0,0
2020-07-19,624,"Chambers St (A,C)/WTC (E)/Park Pl (2,3)/Cortlandt (R,W)",40.71258,-74.00978,4.0,0
2020-07-19,624,"Chambers St (A,C)/WTC (E)/Park Pl (2,3)/Cortlandt (R,W)",40.71411,-74.00858,393.0,1
2020-07-19,625,"Delancey St (F)/Essex St (J,M,Z)",40.718315,-73.987434,1.0,0
2020-07-19,625,"Delancey St (F)/Essex St (J,M,Z)",40.718613,-73.98811,1.0,0
2020-07-19,625,"Delancey St (F)/Essex St (J,M,Z)",40.718613,-73.987434,483.0,1
2020-07-19,628,"Fulton St (A,C,J,Z,2,3,4,5)",40.710197,-74.00657,22.0,0
2020-07-19,628,"Fulton St (A,C,J,Z,2,3,4,5)",40.71037,-74.00769,9.0,0
2020-07-19,628,"Fulton St (A,C,J,Z,2,3,4,5)",40.71037,-74.00657,225.0,0
2020-07-19,628,"Fulton St (A,C,J,Z,2,3,4,5)",40.710373,-74.00657,626.0,1
2020-07-19,635,"South Ferry (1)/Whitehall St (R,W)",40.70207,-74.013664,5.0,0
2020-07-19,635,"South Ferry (1)/Whitehall St (R,W)",40.703087,-74.01299,428.0,1
2020-07-19,8,"5 Av/59 St (N,R,W)",40.764812,-73.97335,102.0,0
2020-07-19,9,"57 St-7 Av (N,Q,R,W)",40.764664,-73.98066,286.0,1
2020-07-19,TRAM1,RI Tramway (Manhattan),40.761337,-73.96416,124.0,0
2020-07-19,TRAM2,RI Tramway (Roosevelt),40.75734,-73.95412,181.0,0
2020-07-26,10,"49 St (N,R,W)",40.7599,-73.98414,87.0,0
2020-07-26,118,3 Av (L),40.73285,-73.98612,68.0,0
2020-07-26,119,1 Av (L),40.730953,-73.98163,309.0,1
2020-07-26,13,"28 St (R,W)",40.745495,-73.98869,73.0,0
2020-07-26,14,"23 St (R,W)",40.741302,-73.98934,106.0,0
2020-07-26,143,Inwood-207 St (A),40.868073,-73.9199,286.0,1
2020-07-26,144,Dyckman St (A),40.86549,-73.92727,134.0,0
2020-07-26,145,190 St (A),40.85902,-73.93418,109.0,0
2020-07-26,146,181 St (A),40.851696,-73.937965,244.0,0
2020-07-26,147,175 St (A),40.84739,-73.939705,270.0,0
2020-07-26,149,163 St-Amsterdam Av (C),40.836014,-73.939896,154.0,0
2020-07-26,150,155 St (C),40.830517,-73.94151,65.0,0
2020-07-26,151,"145 St (A,C,B,D)",40.824783,-73.944214,634.0,1
2020-07-26,152,"135 St (C,B)",40.817894,-73.94765,90.0,0
2020-07-26,153,"125 St (A,C,B,D)",40.811108,-73.95235,640.0,1
2020-07-26,154,"116 St (C,B)",40.805084,-73.95488,124.0,0
2020-07-26,155,"Cathedral Pkwy (110 St) (C,B)",40.800602,-73.95816,145.0,0
2020-07-26,156,"103 St (C,B)",40.796093,-73.96146,109.0,0
2020-07-26,157,"96 St (C,B)",40.79164,-73.9647,114.0,0
2020-07-26,158,"86 St (C,B)",40.78587,-73.96892,54.0,0
2020-07-26,159,"81 St-Museum of Natural History (C,B)",40.781433,-73.972145,46.0,0
2020-07-26,16,"8 St-NYU (R,W)",40.730328,-73.99263,74.0,0
2020-07-26,160,"72 St (C,B)",40.775593,-73.97641,56.0,0
2020-07-26,162,"50 St (C,E)",40.762455,-73.985985,215.0,0
2020-07-26,164,"34 St-Penn Station (A,C,E)",40.75229,-73.99339,636.0,1
2020-07-26,165,"23 St (C,E)",40.745907,-73.99804,205.0,0
2020-07-26,167,"W 4 St-Wash Sq (A,C,E,B,D,F,M)",40.732338,-74.000496,293.0,1
2020-07-26,168,"Spring St (C,E)",40.726227,-74.00374,33.0,0
2020-07-26,169,"Canal St (A,C,E)",40.720825,-74.005226,78.0,0
2020-07-26,17,"Prince St (R,W)",40.72433,-73.9977,37.0,0
2020-07-26,20,"City Hall (R,W)",40.713284,-74.00698,27.0,0
2020-07-26,22,"Rector St (R,W)",40.70722,-74.01334,43.0,0
2020-07-26,220,"155 St (B,D)",40.830135,-73.93821,125.0,0
2020-07-26,222,Roosevelt Island (F),40.759144,-73.95326,182.0,0
2020-07-26,223,"Lexington Av/63 St (F,Q)",40.76463,-73.96611,225.0,0
2020-07-26,224,57 St (F),40.763973,-73.97745,98.0,0
2020-07-26,225,"47-50 Sts-Rockefeller Ctr (B,D,F,M)",40.758663,-73.98133,153.0,0
2020-07-26,228,"23 St (F,M)",40.742878,-73.99282,127.0,0
2020-07-26,231,"Grand St (B,D)",40.718266,-73.99375,398.0,1
2020-07-26,232,2 Av (F),40.7234,-73.98994,144.0,0
2020-07-26,234,East Broadway (F),40.713715,-73.99017,288.0,1
2020-07-26,276,"5 Av/53 St (E,M)",40.760166,-73.97523,14.0,0
2020-07-26,277,"7 Av (E,B,D)",40.762863,-73.981636,73.0,0
2020-07-26,296,Marble Hill-225 St (1),40.87456,-73.90983,167.0,0
2020-07-26,297,215 St (1),40.869446,-73.915276,33.0,0
2020-07-26,298,207 St (1),40.86462,-73.91882,245.0,0
2020-07-26,299,Dyckman St (1),40.86053,-73.92554,291.0,1
2020-07-26,300,191 St (1),40.855225,-73.92941,8.0,0
2020-07-26,301,181 St (1),40.849506,-73.93359,398.0,1
2020-07-26,303,157 St (1),40.83404,-73.94489,290.0,1
2020-07-26,304,145 St (1),40.82655,-73.95036,271.0,0
2020-07-26,305,137 St-City College (1),40.822006,-73.953674,387.0,1
2020-07-26,306,125 St (1),40.815582,-73.958374,129.0,0
2020-07-26,307,116 St-Columbia University (1),40.80772,-73.96411,116.0,0
2020-07-26,308,Cathedral Pkwy (110 St) (1),40.803967,-73.96685,191.0,0
2020-07-26,309,103 St (1),40.799446,-73.968376,234.0,0
2020-07-26,310,"96 St (1,2,3)",40.79392,-73.97232,518.0,1
2020-07-26,311,86 St (1),40.788643,-73.97622,226.0,0
2020-07-26,312,79 St (1),40.783936,-73.97992,140.0,0
2020-07-26,313,"72 St (1,2,3)",40.778454,-73.98197,343.0,1
2020-07-26,314,66 St-Lincoln Center (1),40.77344,-73.98221,79.0,0
2020-07-26,316,50 St (1),40.761726,-73.98385,77.0,0
2020-07-26,318,"34 St-Penn Station (1,2,3)",40.750374,-73.99106,776.0,1
2020-07-26,319,28 St (1),40.747215,-73.99336,86.0,0
2020-07-26,320,23 St (1),40.74408,-73.99566,92.0,0
2020-07-26,321,18 St (1),40.74104,-73.99787,16.0,0
2020-07-26,323,Christopher St-Sheridan Sq (1),40.73342,-74.00291,68.0,0
2020-07-26,324,Houston St (1),40.728252,-74.00536,48.0,0
2020-07-26,325,Canal St (1),40.722855,-74.00628,24.0,0
2020-07-26,326,Franklin St (1),40.71932,-74.00689,23.0,0
2020-07-26,327,"Chambers St (1,2,3)",40.715477,-74.00927,131.0,0
2020-07-26,328,WTC Cortlandt (1),40.711834,-74.01219,88.0,0
2020-07-26,329,Rector St (1),40.70751,-74.01379,42.0,0
2020-07-26,333,"Wall St (2,3)",40.70682,-74.0091,109.0,0
2020-07-26,392,"125 St (4,5,6)",40.80414,-73.93759,487.0,1
2020-07-26,393,116 St (6),40.79863,-73.94162,390.0,1
2020-07-26,394,110 St (6),40.79502,-73.94425,327.0,1
2020-07-26,395,103 St (6),40.7906,-73.94748,329.0,1
2020-07-26,396,96 St (6),40.78567,-73.95107,210.0,0
2020-07-26,397,"86 St (4,5,6)",40.77949,-73.95559,345.0,1
2020-07-26,398,77 St (6),40.77362,-73.95988,268.0,0
2020-07-26,399,68 St-Hunter College (6),40.768143,-73.96387,107.0,0
2020-07-26,403,33 St (6),40.746082,-73.98208,220.0,0
2020-07-26,404,28 St (6),40.74307,-73.98426,226.0,0
2020-07-26,405,23 St (6),40.739864,-73.9866,132.0,0
2020-07-26,407,Astor Pl (6),40.730053,-73.99107,115.0,0
2020-07-26,409,Spring St (6),40.7223,-73.99714,66.0,0
2020-07-26,413,"Wall St (4,5)",40.707558,-74.01186,122.0,0
2020-07-26,414,"Bowling Green (4,5)",40.70482,-74.01407,164.0,0
2020-07-26,438,"135 St (2,3)",40.814228,-73.94077,294.0,1
2020-07-26,439,"125 St (2,3)",40.807755,-73.945496,289.0,1
2020-07-26,440,"116 St (2,3)",40.802097,-73.94962,250.0,0
2020-07-26,441,"Central Park North (110 St) (2,3)",40.799076,-73.95182,219.0,0
2020-07-26,471,34 St-Hudson Yards (7),40.755882,-74.00191,138.0,0
2020-07-26,475,96 St (Q),40.784317,-73.94715,347.0,1
2020-07-26,476,86 St (Q),40.77789,-73.95179,251.0,0
2020-07-26,477,72 St (Q),40.7688,-73.95843,233.0,0
2020-07-26,601,"14 St (F,M,1,2,3)/6 Av (L)",40.737827,-74.0002,9.0,0
2020-07-26,601,"14 St (F,M,1,2,3)/6 Av (L)",40.737827,-73.99679,19.0,0
2020-07-26,601,"14 St (F,M,1,2,3)/6 Av (L)",40.738228,-73.99621,336.0,1
2020-07-26,602,"14 St-Union Sq (L,N,Q,R,W,4,5,6)",40.734673,-73.98995,10.0,0
2020-07-26,602,"14 St-Union Sq (L,N,Q,R,W,4,5,6)",40.735737,-73.98995,671.0,1
2020-07-26,605,"168 St (A,C,1)",40.840717,-73.93956,635.0,1
2020-07-26,607,"34 St-Herald Sq (B,D,F,M,N,Q,R,W)",40.749718,-73.98782,860.0,1
2020-07-26,609,"Bryant Pk (B,D,F,M)/5 Av (7)",40.754223,-73.984566,33.0,0
2020-07-26,609,"Bryant Pk (B,D,F,M)/5 Av (7)",40.754223,-73.981964,159.0,0
2020-07-26,610,"Grand Central-42 St (S,4,5,6,7)",40.751778,-73.976845,674.0,1
2020-07-26,611,"Times Sq-42 St (N,Q,R,W,S,1,2,3,7)/42 St (A,C,E)",40.75731,-73.987495,254.0,0
2020-07-26,611,"Times Sq-42 St (N,Q,R,W,S,1,2,3,7)/42 St (A,C,E)",40.75731,-73.986755,1702.0,1
2020-07-26,612,"Lexington Av-53 St (E,M)/51 St (6)",40.757553,-73.969055,281.0,0
2020-07-26,613,"Lexington Av (N,R,W)/59 St (4,5,6)",40.762527,-73.967964,2.0,0
2020-07-26,613,"Lexington Av (N,R,W)/59 St (4,5,6)",40.76266,-73.967255,344.0,1
2020-07-26,614,"59 St-Columbus Circle (A,B,C,D,1)",40.768295,-73.981735,573.0,1
2020-07-26,618,"14 St (A,C,E)/8 Av (L)",40.740894,-74.00169,369.0,1
2020-07-26,619,"Broadway-Lafayette St (B,D,F,M)/Bleecker St (6)",40.725296,-73.9962,3.0,0
2020-07-26,619,"Broadway-Lafayette St (B,D,F,M)/Bleecker St (6)",40.725914,-73.99466,278.0,0
2020-07-26,622,"Brooklyn Bridge-City Hall (4,5,6)/Chambers St (J,Z)",40.713066,-74.00413,3.0,0
2020-07-26,622,"Brooklyn Bridge-City Hall (4,5,6)/Chambers St (J,Z)",40.71324,-74.0034,111.0,0
2020-07-26,623,"Canal St (J,N,Q,R,W,Z,6)",40.71953,-74.00178,15.0,0
2020-07-26,623,"Canal St (J,N,Q,R,W,Z,6)",40.71953,-74.00019,6.0,0
2020-07-26,623,"Canal St (J,N,Q,R,W,Z,6)",40.71953,-73.99989,184.0,0
2020-07-26,624,"Chambers St (A,C)/WTC (E)/Park Pl (2,3)/Cortlandt (R,W)",40.710667,-74.01103,1.0,0
2020-07-26,624,"Chambers St (A,C)/WTC (E)/Park Pl (2,3)/Cortlandt (R,W)",40.71258,-74.00978,18.0,0
2020-07-26,624,"Chambers St (A,C)/WTC (E)/Park Pl (2,3)/Cortlandt (R,W)",40.71411,-74.00858,426.0,1
2020-07-26,625,"Delancey St (F)/Essex St (J,M,Z)",40.718613,-73.98811,11.0,0
2020-07-26,625,"Delancey St (F)/Essex St (J,M,Z)",40.718613,-73.987434,443.0,1
2020-07-26,628,"Fulton St (A,C,J,Z,2,3,4,5)",40.710197,-74.00769,2.0,0
2020-07-26,628,"Fulton St (A,C,J,Z,2,3,4,5)",40.710197,-74.00657,7.0,0
2020-07-26,628,"Fulton St (A,C,J,Z,2,3,4,5)",40.71037,-74.00657,283.0,1
2020-07-26,628,"Fulton St (A,C,J,Z,2,3,4,5)",40.710373,-74.00657,432.0,1
2020-07-26,635,"South Ferry (1)/Whitehall St (R,W)",40.70207,-74.013664,3.0,0
2020-07-26,635,"South Ferry (1)/Whitehall St (R,W)",40.703087,-74.01299,478.0,1
2020-07-26,8,"5 Av/59 St (N,R,W)",40.764812,-73.97335,94.0,0
2020-07-26,9,"57 St-7 Av (N,Q,R,W)",40.764664,-73.98066,200.0,0
2020-07-26,TRAM1,RI Tramway (Manhattan),40.761337,-73.96416,46.0,0
2020-07-26,TRAM2,RI Tramway (Roosevelt),40.75734,-73.95412,132.0,0
2021-02-01,10,"49 St (N,R,W)",40.7599,-73.98414,261.0,0
2021-02-01,103,"Bowery (J,Z)",40.72028,-73.99391,48.0,0
2021-02-01,107,"Broad St (J,Z)",40.706474,-74.011055,91.0,0
2021-02-01,118,3 Av (L),40.73285,-73.98612,126.0,0
2021-02-01,119,1 Av (L),40.730953,-73.98163,706.0,1
2021-02-01,13,"28 St (R,W)",40.745495,-73.98869,180.0,0
2021-02-01,14,"23 St (R,W)",40.741302,-73.98934,241.0,0
2021-02-01,143,Inwood-207 St (A),40.868073,-73.9199,540.0,1
2021-02-01,144,Dyckman St (A),40.86549,-73.92727,378.0,1
2021-02-01,145,190 St (A),40.85902,-73.93418,159.0,0
2021-02-01,146,181 St (A),40.851696,-73.937965,639.0,1
2021-02-01,147,175 St (A),40.84739,-73.939705,560.0,1
2021-02-01,149,163 St-Amsterdam Av (C),40.836014,-73.939896,252.0,0
2021-02-01,150,155 St (C),40.830517,-73.94151,123.0,0
2021-02-01,151,"145 St (A,C,B,D)",40.824783,-73.944214,1073.0,1
2021-02-01,152,"135 St (C,B)",40.817894,-73.94765,219.0,0
2021-02-01,153,"125 St (A,C,B,D)",40.811108,-73.95235,1072.0,1
2021-02-01,154,"116 St (C,B)",40.805084,-73.95488,333.0,1
2021-02-01,155,"Cathedral Pkwy (110 St) (C,B)",40.800602,-73.95816,293.0,1
2021-02-01,156,"103 St (C,B)",40.796093,-73.96146,204.0,0
2021-02-01,157,"96 St (C,B)",40.79164,-73.9647,272.0,0
2021-02-01,158,"86 St (C,B)",40.78587,-73.96892,291.0,1
2021-02-01,159,"81 St-Museum of Natural History (C,B)",40.781433,-73.972145,201.0,0
2021-02-01,16,"8 St-NYU (R,W)",40.730328,-73.99263,232.0,0
2021-02-01,160,"72 St (C,B)",40.775593,-73.97641,180.0,0
2021-02-01,162,"50 St (C,E)",40.762455,-73.985985,385.0,1
2021-02-01,164,"34 St-Penn Station (A,C,E)",40.75229,-73.99339,1449.0,1
2021-02-01,165,"23 St (C,E)",40.745907,-73.99804,489.0,1
2021-02-01,167,"W 4 St-Wash Sq (A,C,E,B,D,F,M)",40.732338,-74.000496,576.0,1
2021-02-01,168,"Spring St (C,E)",40.726227,-74.00374,149.0,0
2021-02-01,169,"Canal St (A,C,E)",40.720825,-74.005226,278.0,0
2021-02-01,17,"Prince St (R,W)",40.72433,-73.9977,106.0,0
2021-02-01,20,"City Hall (R,W)",40.713284,-74.00698,80.0,0
2021-02-01,22,"Rector St (R,W)",40.70722,-74.01334,101.0,0
2021-02-01,220,"155 St (B,D)",40.830135,-73.93821,228.0,0
2021-02-01,222,Roosevelt Island (F),40.759144,-73.95326,437.0,1
2021-02-01,223,"Lexington Av/63 St (F,Q)",40.76463,-73.96611,470.0,1
2021-02-01,224,57 St (F),40.763973,-73.97745,187.0,0
2021-02-01,225,"47-50 Sts-Rockefeller Ctr (B,D,F,M)",40.758663,-73.98133,627.0,1
2021-02-01,228,"23 St (F,M)",40.742878,-73.99282,372.0,1
2021-02-01,231,"Grand St (B,D)",40.718266,-73.99375,463.0,1
2021-02-01,232,2 Av (F),40.7234,-73.98994,376.0,1
2021-02-01,234,East Broadway (F),40.713715,-73.99017,480.0,1
2021-02-01,276,"5 Av/53 St (E,M)",40.760166,-73.97523,169.0,0
2021-02-01,277,"7 Av (E,B,D)",40.762863,-73.981636,201.0,0
2021-02-01,296,Marble Hill-225 St (1),40.87456,-73.90983,290.0,1
2021-02-01,297,215 St (1),40.869446,-73.915276,76.0,0
2021-02-01,298,207 St (1),40.86462,-73.91882,398.0,1
2021-02-01,299,Dyckman St (1),40.86053,-73.92554,461.0,1
2021-02-01,300,191 St (1),40.855225,-73.92941,512.0,1
2021-02-01,303,157 St (1),40.83404,-73.94489,607.0,1
2021-02-01,304,145 St (1),40.82655,-73.95036,497.0,1
2021-02-01,305,137 St-City College (1),40.822006,-73.953674,731.0,1
2021-02-01,306,125 St (1),40.815582,-73.958374,261.0,0
2021-02-01,307,116 St-Columbia University (1),40.80772,-73.96411,186.0,0
2021-02-01,308,Cathedral Pkwy (110 St) (1),40.803967,-73.96685,353.0,1
2021-02-01,309,103 St (1),40.799446,-73.968376,468.0,1
2021-02-01,310,"96 St (1,2,3)",40.79392,-73.97232,1125.0,1
2021-02-01,311,86 St (1),40.788643,-73.97622,539.0,1
2021-02-01,312,79 St (1),40.783936,-73.97992,271.0,0
2021-02-01,313,"72 St (1,2,3)",40.778454,-73.98197,939.0,1
2021-02-01,314,66 St-Lincoln Center (1),40.77344,-73.98221,369.0,1
2021-02-01,316,50 St (1),40.761726,-73.98385,266.0,0
2021-02-01,318,"34 St-Penn Station (1,2,3)",40.750374,-73.99106,1325.0,1
2021-02-01,319,28 St (1),40.747215,-73.99336,180.0,0
2021-02-01,320,23 St (1),40.74408,-73.99566,273.0,0
2021-02-01,321,18 St (1),40.74104,-73.99787,118.0,0
2021-02-01,323,Christopher St-Sheridan Sq (1),40.73342,-74.00291,167.0,0
2021-02-01,324,Houston St (1),40.728252,-74.00536,237.0,0
2021-02-01,325,Canal St (1),40.722855,-74.00628,80.0,0
2021-02-01,326,Franklin St (1),40.71932,-74.00689,78.0,0
2021-02-01,327,"Chambers St (1,2,3)",40.715477,-74.00927,202.0,0
2021-02-01,328,WTC Cortlandt (1),40.711834,-74.01219,183.0,0
2021-02-01,329,Rector St (1),40.70751,-74.01379,113.0,0
2021-02-01,333,"Wall St (2,3)",40.70682,-74.0091,243.0,0
2021-02-01,392,"125 St (4,5,6)",40.80414,-73.93759,1243.0,1
2021-02-01,393,116 St (6),40.79863,-73.94162,748.0,1
2021-02-01,394,110 St (6),40.79502,-73.94425,582.0,1
2021-02-01,395,103 St (6),40.7906,-73.94748,648.0,1
2021-02-01,396,96 St (6),40.78567,-73.95107,692.0,1
2021-02-01,397,"86 St (4,5,6)",40.77949,-73.95559,1133.0,1
2021-02-01,398,77 St (6),40.77362,-73.95988,829.0,1
2021-02-01,399,68 St-Hunter College (6),40.768143,-73.96387,529.0,1
2021-02-01,403,33 St (6),40.746082,-73.98208,714.0,1
2021-02-01,404,28 St (6),40.74307,-73.98426,439.0,1
2021-02-01,405,23 St (6),40.739864,-73.9866,497.0,1
2021-02-01,407,Astor Pl (6),40.730053,-73.99107,279.0,0
2021-02-01,409,Spring St (6),40.7223,-73.99714,194.0,0
2021-02-01,413,"Wall St (4,5)",40.707558,-74.01186,291.0,1
2021-02-01,414,"Bowling Green (4,5)",40.70482,-74.01407,482.0,1
2021-02-01,436,Harlem-148 St (3),40.82388,-73.93647,217.0,0
2021-02-01,437,145 St (3),40.82042,-73.93625,166.0,0
2021-02-01,438,"135 St (2,3)",40.814228,-73.94077,678.0,1
2021-02-01,439,"125 St (2,3)",40.807755,-73.945496,483.0,1
2021-02-01,440,"116 St (2,3)",40.802097,-73.94962,433.0,1
2021-02-01,441,"Central Park North (110 St) (2,3)",40.799076,-73.95182,337.0,1
2021-02-01,471,34 St-Hudson Yards (7),40.755882,-74.00191,283.0,1
2021-02-01,475,96 St (Q),40.784317,-73.94715,839.0,1
2021-02-01,476,86 St (Q),40.77789,-73.95179,789.0,1
2021-02-01,477,72 St (Q),40.7688,-73.95843,878.0,1
2021-02-01,601,"14 St (F,M,1,2,3)/6 Av (L)",40.738228,-73.99621,772.0,1
2021-02-01,602,"14 St-Union Sq (L,N,Q,R,W,4,5,6)",40.735737,-73.99057,1.0,0
2021-02-01,602,"14 St-Union Sq (L,N,Q,R,W,4,5,6)",40.735737,-73.98995,1529.0,1
2021-02-01,605,"168 St (A,C,1)",40.840557,-73.94013,2.0,0
2021-02-01,605,"168 St (A,C,1)",40.840717,-73.93956,1138.0,1
2021-02-01,607,"34 St-Herald Sq (B,D,F,M,N,Q,R,W)",40.749718,-73.98782,1771.0,1
2021-02-01,609,"Bryant Pk (B,D,F,M)/5 Av (7)",40.754223,-73.984566,12.0,0
2021-02-01,609,"Bryant Pk (B,D,F,M)/5 Av (7)",40.754223,-73.981964,432.0,1
2021-02-01,610,"Grand Central-42 St (S,4,5,6,7)",40.751778,-73.976845,2214.0,1
2021-02-01,611,"Times Sq-42 St (N,Q,R,W,S,1,2,3,7)/42 St (A,C,E)",40.75529,-73.987495,1.0,0
2021-02-01,611,"Times Sq-42 St (N,Q,R,W,S,1,2,3,7)/42 St (A,C,E)",40.75731,-73.987495,96.0,0
2021-02-01,611,"Times Sq-42 St (N,Q,R,W,S,1,2,3,7)/42 St (A,C,E)",40.75731,-73.986755,2178.0,1
2021-02-01,612,"Lexington Av-53 St (E,M)/51 St (6)",40.757553,-73.969055,873.0,1
2021-02-01,613,"Lexington Av (N,R,W)/59 St (4,5,6)",40.762527,-73.967964,1.0,0
2021-02-01,613,"Lexington Av (N,R,W)/59 St (4,5,6)",40.76266,-73.967255,1061.0,1
2021-02-01,614,"59 St-Columbus Circle (A,B,C,D,1)",40.768295,-73.981735,1452.0,1
2021-02-01,618,"14 St (A,C,E)/8 Av (L)",40.740894,-74.00169,665.0,1
2021-02-01,619,"Broadway-Lafayette St (B,D,F,M)/Bleecker St (6)",40.725296,-73.9962,1.0,0
2021-02-01,619,"Broadway-Lafayette St (B,D,F,M)/Bleecker St (6)",40.725914,-73.99466,549.0,1
2021-02-01,622,"Brooklyn Bridge-City Hall (4,5,6)/Chambers St (J,Z)",40.713066,-74.00413,14.0,0
2021-02-01,622,"Brooklyn Bridge-City Hall (4,5,6)/Chambers St (J,Z)",40.71324,-74.0034,520.0,1
2021-02-01,623,"Canal St (J,N,Q,R,W,Z,6)",40.71953,-74.00019,16.0,0
2021-02-01,623,"Canal St (J,N,Q,R,W,Z,6)",40.71953,-73.99989,512.0,1
2021-02-01,624,"Chambers St (A,C)/WTC (E)/Park Pl (2,3)/Cortlandt (R,W)",40.71411,-74.00858,746.0,1
2021-02-01,625,"Delancey St (F)/Essex St (J,M,Z)",40.718613,-73.987434,793.0,1
2021-02-01,628,"Fulton St (A,C,J,Z,2,3,4,5)",40.710197,-74.00657,16.0,0
2021-02-01,628,"Fulton St (A,C,J,Z,2,3,4,5)",40.71037,-74.00657,148.0,0
2021-02-01,628,"Fulton St (A,C,J,Z,2,3,4,5)",40.710373,-74.00657,1244.0,1
2021-02-01,635,"South Ferry (1)/Whitehall St (R,W)",40.70207,-74.013664,5.0,0
2021-02-01,635,"South Ferry (1)/Whitehall St (R,W)",40.703087,-74.01299,738.0,1
2021-02-01,8,"5 Av/59 St (N,R,W)",40.764812,-73.97335,234.0,0
2021-02-01,9,"57 St-7 Av (N,Q,R,W)",40.764664,-73.98066,524.0,1
2021-02-01,TRAM1,RI Tramway (Manhattan),40.761337,-73.96416,51.0,0
2021-02-01,TRAM2,RI Tramway (Roosevelt),40.75734,-73.95412,152.0,0
